Страница;Язык;Интент;Основной запрос;Дополнительные запросы;Title;Description
"ru/index.html;RU;Коммерческий;кровельные работы Харьков;""монтаж кровли Харьков; устройство новой кровли; кровля частного дома; коммерческая кровля"";Кровельные работы и монтаж новой кровли в Харькове | METROPLEX;Монтаж новых скатных и плоских кровель в Харькове и области. Металлочерепица", битумная и фальцевая кровля, профнастил, ПВХ-мембрана и проектирование.
"uk/index.html;UA;Коммерческий;покрівельні роботи Харків;""монтаж покрівлі Харків; влаштування нової покрівлі; покрівля приватного будинку; комерційна покрівля"";Покрівельні роботи та монтаж нової покрівлі у Харкові | METROPLEX;Монтаж нових скатних і плоских покрівель у Харкові та області. Металочерепиця", бітумна і фальцева покрівля, профнастил, ПВХ-мембрана та проєктування.
"ru/uslugi/metallocherepitsa-harkov.html;RU;Коммерческий;монтаж металлочерепицы Харьков;""кровля из металлочерепицы; устройство крыши из металлочерепицы; металлочерепица для частного дома"";Монтаж металлочерепицы в Харькове для частных домов | METROPLEX;Устройство новой кровли из металлочерепицы в Харькове и области. Основание", контробрешётка, вентиляция, карнизы, конёк, ендовы, примыкания и водосток.
"uk/posluhy/metalocherepytsia-kharkiv.html;UA;Коммерческий;монтаж металочерепиці Харків;""покрівля з металочерепиці; влаштування даху з металочерепиці; металочерепиця для приватного будинку"";Монтаж металочерепиці у Харкові для приватних будинків | METROPLEX;Влаштування нової покрівлі з металочерепиці у Харкові та області. Основа", контробрешітка, вентиляція, карнизи, коник, єндови, примикання і водостік.
"ru/uslugi/myagkaya-krovlya-harkov.html;RU;Коммерческий;монтаж мягкой кровли Харьков;""битумная черепица Харьков; устройство мягкой кровли; мягкая кровля частного дома"";Монтаж мягкой кровли и битумной черепицы в Харькове | METROPLEX;Устройство новой мягкой кровли из битумной черепицы в Харькове и области. Сплошное основание", подкладочный ковёр, ендовы, примыкания и вентиляция.
"uk/posluhy/miaka-pokrivlia-kharkiv.html;UA;Коммерческий;монтаж м’якої покрівлі Харків;""бітумна черепиця Харків; влаштування м’якої покрівлі; м’яка покрівля приватного будинку"";Монтаж м’якої покрівлі та бітумної черепиці у Харкові | METROPLEX;Влаштування нової м’якої покрівлі з бітумної черепиці у Харкові та області. Суцільна основа", підкладковий килим, єндови, примикання і вентиляція.
"ru/uslugi/faltsevaya-krovlya-harkov.html;RU;Коммерческий;монтаж фальцевой кровли Харьков;""фальцевая кровля Харьков; устройство фальцевой крыши; кровля из металла"";Монтаж фальцевой кровли в Харькове | METROPLEX;Устройство новой фальцевой кровли в Харькове и области. Подготовка основания", вентиляция, картины, двойной стоячий фальц, карнизы и примыкания.
"uk/posluhy/faltseva-pokrivlia-kharkiv.html;UA;Коммерческий;монтаж фальцевої покрівлі Харків;""фальцева покрівля Харків; влаштування фальцевого даху; металева покрівля"";Монтаж фальцевої покрівлі у Харкові | METROPLEX;Влаштування нової фальцевої покрівлі у Харкові та області. Підготовка основи", вентиляція, картини, подвійний стоячий фальц, карнизи і примикання.
"ru/uslugi/profnastil-harkov.html;RU;Коммерческий;монтаж профнастила на крышу Харьков;""кровля из профнастила; профлист для крыши; монтаж профлиста Харьков"";Монтаж кровли из профнастила в Харькове | METROPLEX;Устройство новой кровли из профнастила в Харькове и области для частных и коммерческих объектов. Основание", крепление, примыкания и водоотведение.
"uk/posluhy/profnastyl-kharkiv.html;UA;Коммерческий;монтаж профнастилу на дах Харків;""покрівля з профнастилу; профлист для даху; монтаж профлиста Харків"";Монтаж покрівлі з профнастилу у Харкові | METROPLEX;Влаштування нової покрівлі з профнастилу у Харкові та області для приватних і комерційних об’єктів. Основа", кріплення, примикання і водовідведення.
"ru/uslugi/pvh-membrana-harkov.html;RU;Коммерческий;монтаж ПВХ мембраны Харьков;""мембранная кровля Харьков; устройство плоской кровли; ПВХ кровля коммерческого здания"";Монтаж ПВХ-мембраны в Харькове для плоской кровли | METROPLEX;Устройство плоской кровли из ПВХ-мембраны в Харькове для складов", магазинов и производственных зданий. Швы, крепление, парапеты, воронки и проходки.
"uk/posluhy/pvh-membrana-kharkiv.html;UA;Коммерческий;монтаж ПВХ мембрани Харків;""мембранна покрівля Харків; влаштування плоскої покрівлі; ПВХ покрівля комерційної будівлі"";Монтаж ПВХ-мембрани у Харкові для плоскої покрівлі | METROPLEX;Влаштування плоскої покрівлі з ПВХ-мембрани у Харкові для складів", магазинів і виробничих будівель. Шви, кріплення, парапети, воронки та проходки.
"ru/uslugi/uteplenie-krovli-harkov.html;RU;Коммерческий;утепление кровли Харьков;""утепление крыши; теплоизоляция кровли; утепление скатной кровли"";Утепление кровли в Харькове | Тёплая крыша METROPLEX;Утепление новой скатной кровли в Харькове и области. Расчёт состава кровельного пирога", пароизоляция, теплоизоляция, вентиляционный зазор и узлы.
"uk/posluhy/uteplennia-pokrivli-kharkiv.html;UA;Коммерческий;утеплення покрівлі Харків;""утеплення даху; теплоізоляція покрівлі; утеплення скатної покрівлі"";Утеплення покрівлі у Харкові | Теплий дах METROPLEX;Утеплення нової скатної покрівлі у Харкові та області. Склад покрівельного пирога", пароізоляція, теплоізоляція, вентиляційний зазор і вузли.
"ru/uslugi/proektirovanie-krovli-harkov.html;RU;Коммерческий;проектирование кровли Харьков;""проект крыши; проектирование узлов кровли; план кровли; техническое решение кровли"";Проектирование кровли в Харькове: план и узлы | METROPLEX;Проектирование скатной и плоской кровли в Харькове. План", состав системы, карниз, конёк, ендовы, примыкания, вентиляция и водоотведение.
"uk/posluhy/proiektuvannia-pokrivli-kharkiv.html;UA;Коммерческий;проєктування покрівлі Харків;""проєкт даху; проєктування вузлів покрівлі; план покрівлі; технічне рішення покрівлі"";Проєктування покрівлі у Харкові: план і вузли | METROPLEX;Проєктування скатної та плоскої покрівлі у Харкові. План", склад системи, карниз, коник, єндови, примикання, вентиляція і водовідведення.
"ru/works.html;RU;Коммерческое доказательство;примеры кровельных работ Харьков;""портфолио кровельных работ; объекты ПВХ мембрана; мягкая кровля частного дома"";Кейсы и выполненные кровельные работы в Харькове | METROPLEX;Кейсы METROPLEX по монтажу новых кровель в Харькове и области. ПВХ-мембрана на коммерческих объектах и битумная кровля частных домов."
"uk/works.html;UA;Коммерческое доказательство;приклади покрівельних робіт Харків;""портфоліо покрівельних робіт; об’єкти ПВХ мембрана; м’яка покрівля приватного будинку"";Кейси та виконані покрівельні роботи у Харкові | METROPLEX;Кейси METROPLEX з монтажу нових покрівель у Харкові та області. ПВХ-мембрана на комерційних об’єктах і бітумна покрівля приватних будинків."
"ru/tehnicheskiy-podhod.html;RU;Информационный/доверие;технология монтажа кровли;""контроль качества кровельных работ; технические узлы кровли; этапы монтажа кровли"";Технический подход к проектированию и монтажу кровли | METROPLEX;Как METROPLEX анализирует конструкцию", разрабатывает узлы, готовит основание, выполняет монтаж и контролирует новую кровлю на объекте.
"uk/tekhnichnyi-pidkhid.html;UA;Информационный/доверие;технологія монтажу покрівлі;""контроль якості покрівельних робіт; технічні вузли покрівлі; етапи монтажу покрівлі"";Технічний підхід до проєктування та монтажу покрівлі | METROPLEX;Як METROPLEX аналізує конструкцію", розробляє вузли, готує основу, виконує монтаж і контролює нову покрівлю на об’єкті.
"ru/blog/index.html;RU;Информационный хаб;блог о кровле;""устройство кровли; узлы крыши; монтаж кровельных материалов"";Блог о монтаже и устройстве кровли | METROPLEX;Практические материалы METROPLEX о конструкции кровли", вентиляции, утеплении, примыканиях, металлочерепице, фальце, профнастиле и ПВХ-мембране.
"uk/blog/index.html;UA;Информационный хаб;блог про покрівлю;""влаштування покрівлі; вузли даху; монтаж покрівельних матеріалів"";Блог про монтаж і влаштування покрівлі | METROPLEX;Практичні матеріали METROPLEX про конструкцію покрівлі", вентиляцію, утеплення, примикання, металочерепицю, фальц, профнастил і ПВХ-мембрану.
RU,Коммерческие кровли,/ru/uslugi/kommercheskie-krovli-harkov.html,коммерческие кровли Харьков,кровля ТРЦ; кровля супермаркета; кровля производства; кровля цеха; кровля мясокомбината; промышленная кровля; кровля склада; кровля логистического комплекса,Коммерческий
UA,Комерційні покрівлі,/uk/posluhy/komertsiini-pokrivli-kharkiv.html,комерційні покрівлі Харків,покрівля ТРЦ; покрівля супермаркету; покрівля виробництва; покрівля цеху; покрівля м’ясокомбінату; промислова покрівля; покрівля складу; покрівля логістичного комплексу,Комерційний
